   SET CURRENT SQLID=USER;
/*
-----
-------------SUPPRESSION DU TABSPACE
-------------SI-204 METTRE EN COMMENTAIRES LES DROP
-- DROP TABLESPACE ADSDB01.ADSAC01;
-- COMMIT;
-----
-------------CREATION DU TABSPACE
   CREATE TABLESPACE ADSAC01
       IN ADSDB01
       USING STOGROUP ADSST01
       PRIQTY 80
       SECQTY 80;
-----
     COMMIT;
*/
--
  CREATE TABLE ST_DEVISE
    (CODDEV           CHAR(3) NOT NULL,
     LIBDEV           CHAR(15) NOT NULL,
  PRIMARY KEY (CODDEV))
  IN ADSDB01.ADSAC01;
  CREATE UNIQUE INDEX IXDEVISE ON ST_DEVISE(CODDEV)
  USING STOGROUP ADSST01;
  COMMIT;

  INSERT INTO ST_DEVISE VALUES ('EUR','EURO');
  INSERT INTO ST_DEVISE VALUES ('USD','DOLLAR US');
  INSERT INTO ST_DEVISE VALUES ('GBP','LIVRE BRITANIC');
  INSERT INTO ST_DEVISE VALUES ('BRL','REAL BRESILIEN');
  COMMIT;

  CREATE TABLE ST_BIC
    (BIC000           CHAR(11) NOT NULL,
     CODDEV           CHAR(3)  NOT NULL,
     INDCOR           CHAR(1),
  PRIMARY KEY (BIC000))
  IN ADSDB01.ADSAC01;
  CREATE UNIQUE INDEX IXBIC ON ST_BIC(BIC000)
  USING STOGROUP ADSST01;
  COMMIT;

  INSERT INTO ST_BIC    VALUES ('BAPFFRPPXXX','EUR',NULL);
  INSERT INTO ST_BIC    VALUES ('BOFAUS3NXXX','USD','O');
  INSERT INTO ST_BIC    VALUES ('PMFAUS66HKG','USD','N');
  INSERT INTO ST_BIC    VALUES ('BRASBRRJXXX','BRL','O');
  INSERT INTO ST_BIC    VALUES ('BBDEBRSPSPO','BRL','N');
  INSERT INTO ST_BIC    VALUES ('BOFSGBS1ZF2','GBP','O');
  COMMIT;

--
  CREATE TABLE ST_CHANGE
    (CODDEV1          CHAR(3)  NOT NULL,
     CODDEV2          CHAR(3)  NOT NULL,
     CHANGE           DECIMAL(18,9) NOT NULL,
  PRIMARY KEY (CODDEV1,CODDEV2),
  FOREIGN KEY (CODDEV1) REFERENCES ST_DEVISE ON DELETE RESTRICT,
  FOREIGN KEY (CODDEV2) REFERENCES ST_DEVISE ON DELETE RESTRICT)
  IN ADSDB01.ADSAC01;
  CREATE UNIQUE INDEX IXCHANGE ON ST_CHANGE(CODDEV1,CODDEV2)
  USING STOGROUP ADSST01;
  COMMIT;

  INSERT INTO ST_CHANGE VALUES  ('EUR','USD',1.08);
  INSERT INTO ST_CHANGE VALUES  ('USD','EUR',0.92);
  INSERT INTO ST_CHANGE VALUES  ('EUR','GBP',0.89);
  INSERT INTO ST_CHANGE VALUES  ('GBP','EUR',1.13);
  INSERT INTO ST_CHANGE VALUES  ('EUR','BRL',5.52);
  INSERT INTO ST_CHANGE VALUES  ('BRL','EUR',0.18);
  COMMIT;

--
  CREATE TABLE ST_MSWIFT
    (REFMSG           INTEGER  NOT NULL,
     TYPMSG           CHAR(1)  NOT NULL,
     DATVAL           DATE     NOT NULL,
     CODDEV           CHAR(3)  NOT NULL,
     MTTRAN           DECIMAL (18,9) NOT NULL,
     NUMCLID          INTEGER,
     NOMCLID          CHAR(20),
     NUMCPTD          INTEGER,
     BICDEB           CHAR(11) NOT NULL,
     BICCOR           CHAR(11) NOT NULL,
     NUMCLIC          INTEGER,
     NOMCLIC          CHAR(20),
     NUMCPTC          INTEGER,
     BICCRD           CHAR(11) NOT NULL,
     DATCRE           DATE     NOT NULL,
  PRIMARY KEY (REFMSG),
  FOREIGN KEY (CODDEV) REFERENCES ST_DEVISE ON DELETE RESTRICT,
  FOREIGN KEY (BICDEB) REFERENCES ST_BIC    ON DELETE RESTRICT,
  FOREIGN KEY (BICCOR) REFERENCES ST_BIC    ON DELETE RESTRICT,
  FOREIGN KEY (BICCRD) REFERENCES ST_BIC    ON DELETE RESTRICT)
  IN ADSDB01.ADSAC01;
  CREATE UNIQUE INDEX IXMSWIFT ON ST_MSWIFT(REFMSG)
  USING STOGROUP ADSST01;
  COMMIT;

  SELECT * FROM ST_DEVISE;
  SELECT * FROM ST_BIC;
  SELECT * FROM ST_CHANGE;
  SELECT * FROM ST_MSWIFT;
